Overs,Wkts,Mdns,Runs,BBI,Ave,Econ,SR
284.5,106,1,2061,05-Jun,19.44,7.23,16.1
361.2,98,4,2396,04-Nov,24.44,6.63,22.1
277.5,92,2,1894,May-20,20.58,6.81,18.1
238.2,85,2,1516,Apr-19,17.83,6.36,16.8
200.3,85,2,1443,05-Jun,16.97,7.19,14.1
171,84,1,1052,05-Mar,12.52,6.15,12.2
221.2,75,1,1539,Apr-20,20.52,6.95,17.7
233.3,75,2,1954,May-18,26.05,8.36,18.6
256.4,69,5,1839,04-Oct,26.65,7.16,22.3
205.1,66,6,1530,Apr-31,23.18,7.45,18.6
147.3,66,5,952,06-Aug,14.42,6.45,13.4
195.3,65,2,1491,Apr-24,22.93,7.62,18
140.5,63,0,948,May-23,15.04,6.73,13.4
157.1,61,3,1068,04-Sep,17.5,6.79,15.4
175.4,59,5,1224,Apr-13,20.74,6.96,17.8
187.1,58,0,1278,Apr-16,22.03,6.82,19.3
150.3,58,0,1134,Apr-45,19.55,7.53,15.5
191,56,4,1180,Apr-15,21.07,6.17,20.4
151.3,54,0,1300,04-Jun,24.07,8.58,16.8
186.1,54,2,1226,04-Oct,22.7,6.58,20.6
202.2,54,3,1454,03-Dec,26.92,7.18,22.4
149.1,54,1,938,Apr-35,17.37,6.28,16.5
170,53,2,1138,Mar-16,21.47,6.69,19.2
172.3,53,3,1190,Apr-19,22.45,6.89,19.5
171,52,2,1193,04-Aug,22.94,6.97,19.7
173.4,52,0,1470,Apr-28,28.26,8.46,20
140.3,52,1,1139,Jun-25,21.9,8.1,16.2
135.1,52,3,1065,May-22,20.48,7.87,15.5
183.4,52,1,1105,04-Dec,21.25,6.01,21.1
153.1,51,5,1029,03-Nov,20.17,6.71,18
175.4,51,1,1628,Mar-24,31.92,9.26,20.6
135,51,4,859,Mar-13,16.84,6.36,15.8
128.5,49,1,928,04-Nov,18.93,7.2,15.7
143.5,49,0,1185,Apr-24,24.18,8.23,17.6
155,48,2,1187,Apr-15,24.72,7.65,19.3
158.4,47,3,1191,Apr-17,25.34,7.5,20.2
138.3,47,0,1131,Mar-18,24.06,8.16,17.6
136.1,47,2,945,04-Nov,20.1,6.94,17.3
135.3,46,1,948,Apr-14,20.6,6.99,17.6
111,45,2,778,Apr-19,17.28,7,14.8
125,45,2,903,May-27,20.06,7.22,16.6
121.4,44,4,838,Apr-16,19.04,6.88,16.5
95.5,44,1,730,May-19,16.59,7.61,13
152.4,44,0,1116,May-26,25.36,7.31,20.8
117.2,43,4,780,04-Jul,18.13,6.64,16.3
149.3,43,1,1228,Mar-26,28.55,8.21,20.8
147,42,3,877,May-14,20.88,5.96,21
189.5,42,1,1527,Apr-19,36.35,8.04,27.1
154.2,41,2,1088,May-24,26.53,7.04,22.5
124.5,41,3,1038,Apr-13,25.31,8.31,18.2
86.5,41,2,724,Apr-28,17.65,8.33,12.7
91.2,40,0,673,Mar-20,16.82,7.36,13.7
123.3,40,2,980,Apr-44,24.5,7.93,18.5
118.5,40,0,847,03-Sep,21.17,7.12,17.8
98.5,39,1,854,Apr-34,21.89,8.64,15.2
117,39,1,1020,Apr-22,26.15,8.71,18
133,39,1,1000,03-Nov,25.64,7.51,20.4
113.5,39,2,774,Apr-18,19.84,6.79,17.5
106.3,39,1,718,03-Nov,18.41,6.74,16.3
109.2,38,2,797,Mar-15,20.97,7.28,17.2
116.5,38,1,976,Apr-38,25.68,8.35,18.4
131.1,38,1,748,Apr-20,19.68,5.7,20.7
129,37,1,823,Mar-16,22.24,6.37,20.9
71.3,37,1,499,May-24,13.48,6.97,11.5
161.3,37,4,1101,Mar-16,29.75,6.81,26.1
114.4,37,5,729,Mar-14,19.7,6.35,18.5
91.5,37,1,815,Apr-23,22.02,8.87,14.8
93,36,4,689,May-24,19.13,7.4,15.5
85.5,36,0,684,May-27,19,7.96,14.3
95,35,1,660,03-Nov,18.85,6.94,16.2
101,35,3,714,04-Nov,20.4,7.06,17.3
103.3,35,3,877,Mar-23,25.05,8.47,17.7
152.1,35,4,1093,Mar-48,31.22,7.18,26
94,35,0,637,Apr-14,18.2,6.77,16.1
107.5,35,3,843,Mar-40,24.08,7.81,18.4
81.4,35,3,505,May-17,14.42,6.18,14
99.2,34,2,692,03-Oct,20.35,6.96,17.5
97,34,1,802,Apr-31,23.58,8.26,17.1
83,34,3,697,Apr-27,20.5,8.39,14.6
98,34,2,758,Mar-19,22.29,7.73,17.2
92.5,34,0,761,04-Jul,22.38,8.19,16.3
74.2,33,1,560,03-Dec,16.96,7.53,13.5
82.3,33,0,631,Apr-17,19.12,7.64,15
100,33,2,863,03-Jun,26.15,8.63,18.1
95,32,3,644,Mar-15,20.12,6.77,17.8
79.4,32,2,523,Apr-22,16.34,6.56,14.9
99,32,5,636,Apr-22,19.87,6.42,18.5
123,32,0,890,Mar-15,27.81,7.23,23
118.1,31,1,1013,Mar-20,32.67,8.57,22.8
117.5,31,2,861,Mar-18,27.77,7.3,22.8
107.5,31,0,950,Apr-30,30.64,8.8,20.8
76,30,2,615,Apr-28,20.5,8.09,15.2
101.2,30,2,789,Mar-17,26.3,7.78,20.2
101.3,30,2,813,Mar-18,27.1,8,20.3
106,29,2,716,Mar-39,24.68,6.75,21.9
82,29,0,534,Apr-16,18.41,6.51,16.9
69.5,29,0,550,Apr-24,18.96,7.87,14.4
82.5,29,1,705,Mar-16,24.31,8.51,17.1
65,28,0,448,04-Dec,16,6.89,13.9
75,28,1,472,Mar-20,16.85,6.29,16
74.4,28,0,665,Mar-15,23.75,8.9,16
64,28,0,439,Apr-20,15.67,6.85,13.7
90.5,28,0,714,Mar-23,25.5,7.86,19.4
61,28,2,459,Apr-18,16.39,7.52,13
77,28,1,618,Mar-16,22.07,8.02,16.5
97,28,0,830,Mar-30,29.64,8.55,20.7
77.2,28,0,648,Mar-30,23.14,8.37,16.5
94.3,28,0,879,Mar-31,31.39,9.3,20.2
105.4,28,0,688,May-13,24.57,6.51,22.6
90,28,0,644,02-Jul,23,7.15,19.2
79.4,28,2,589,Mar-13,21.03,7.39,17
70.4,28,0,499,Mar-17,17.82,7.06,15.1
93,28,1,572,Mar-14,20.42,6.15,19.9
62.5,27,2,413,Apr-40,15.29,6.57,13.9
53.5,27,1,411,Apr-19,15.22,7.63,11.9
81.2,27,0,609,Mar-17,22.55,7.48,18
80,27,0,583,Mar-16,21.59,7.28,17.7
70,27,2,544,04-Aug,20.14,7.77,15.5
72.4,26,0,579,Mar-20,22.26,7.96,16.7
52.1,26,0,426,Apr-33,16.38,8.16,12
94,26,0,704,03-Oct,27.07,7.48,21.6
107.5,26,2,864,03-Dec,33.23,8.01,24.8
90,26,1,644,Mar-23,24.76,7.15,20.7
65,26,2,471,Mar-17,18.11,7.24,15
124.5,26,2,858,Mar-25,33,6.87,28.8
77.3,25,2,543,Mar-18,21.72,7,18.6
75,25,1,591,Mar-20,23.64,7.88,18
102,25,5,633,04-Dec,25.32,6.2,24.4
72.5,25,1,541,Apr-37,21.64,7.42,17.4
82.3,25,3,546,Apr-21,21.84,6.61,19.8
79.2,25,1,627,Mar-21,25.08,7.9,19
62.1,25,0,405,Apr-16,16.2,6.51,14.9
99.1,25,0,908,02-Oct,36.32,9.15,23.8
81,25,0,549,Apr-46,21.96,6.77,19.4
61.4,24,1,395,Apr-20,16.45,6.4,15.4
110.3,24,1,887,03-Oct,36.95,8.02,27.6
74.4,24,0,610,Apr-34,25.41,8.16,18.6
74.3,24,1,557,03-May,23.2,7.47,18.6
61.2,24,3,453,Apr-16,18.87,7.38,15.3
73,24,0,614,05-Nov,25.58,8.41,18.2
39.2,24,0,311,May-19,12.95,7.9,9.8
65,24,0,540,May-15,22.5,8.3,16.2
59.5,24,1,451,Mar-28,18.79,7.53,14.9
42.1,24,0,221,May-15,9.2,5.24,10.5
65.2,24,0,497,May-23,20.7,7.6,16.3
59.4,23,1,481,Mar-19,20.91,8.06,15.5
52.2,23,0,334,Apr-27,14.52,6.38,13.6
61.1,23,0,437,Mar-16,19,7.14,15.9
85.1,23,1,725,03-Nov,31.52,8.51,22.2
77,23,1,635,Apr-13,27.6,8.24,20
54,22,0,388,May-15,17.63,7.18,14.7
79.4,22,1,620,Mar-36,28.18,7.78,21.7
68,22,0,445,Apr-23,20.22,6.54,18.5
79.5,22,0,622,Mar-23,28.27,7.79,21.7
53,22,0,285,04-Dec,12.95,5.37,14.4
34,21,0,184,Mar-14,8.76,5.41,9.7
77.1,21,0,599,Mar-18,28.52,7.76,22
42.1,21,0,240,Apr-21,11.42,5.69,12
46,21,0,387,Mar-16,18.42,8.41,13.1
56.3,20,2,395,Mar-13,19.75,6.99,16.9
120.2,20,1,779,Feb-18,38.95,6.47,36.1
47.4,20,0,437,Mar-25,21.85,9.16,14.3
54.3,20,0,417,Apr-15,20.85,7.65,16.3
69.1,20,0,581,Mar-31,29.05,8.4,20.7
60,20,0,324,Apr-15,16.2,5.4,18
50.3,20,1,398,Apr-37,19.9,7.88,15.1
46.5,20,0,275,May-17,13.75,5.87,14
57,20,0,443,Mar-25,22.15,7.77,17.1
44.5,20,1,249,03-Jul,12.45,5.55,13.4
37.1,20,0,236,05-Sep,11.8,6.34,11.1
59.3,20,0,442,Feb-17,22.1,7.42,17.8
63.1,19,0,367,Feb-13,19.31,5.81,19.9
37.4,19,1,317,Mar-20,16.68,8.41,11.8
62.5,19,2,438,03-Nov,23.05,6.97,19.8
42,19,0,306,Apr-16,16.1,7.28,13.2
60.1,19,1,392,Mar-25,20.63,6.51,19
61.5,19,0,456,Mar-21,24,7.37,19.5
91,19,0,793,Mar-33,41.73,8.71,28.7
56.5,19,2,328,Mar-21,17.26,5.77,17.9
53,19,3,432,Mar-38,22.73,8.15,16.7
71,19,2,509,02-Aug,26.78,7.16,22.4
70.2,18,1,552,Mar-23,30.66,7.84,23.4
84,18,3,606,04-Jun,33.66,7.21,28
87.4,18,0,603,Feb-19,33.5,6.87,29.2
47.5,18,0,405,Mar-35,22.5,8.46,15.9
63,18,3,464,Mar-19,25.77,7.36,21
43,18,1,352,Apr-30,19.55,8.18,14.3
38.1,18,0,317,Apr-14,17.61,8.3,12.7
60.5,18,3,373,05-Mar,20.72,6.13,20.2
50.4,18,0,345,Mar-23,19.16,6.8,16.8
59.3,18,0,499,Mar-20,27.72,8.38,19.8
34.5,18,1,267,Apr-14,14.83,7.66,11.6
40.5,18,0,278,Apr-21,15.44,6.8,13.6
51.3,18,0,349,03-May,19.38,6.77,17.1
79,18,0,670,Apr-18,37.22,8.48,26.3
78,18,2,541,Mar-16,30.05,6.93,26
77.2,18,2,461,02-Oct,25.61,5.96,25.7
55,18,0,465,Feb-24,25.83,8.45,18.3
62,18,0,416,04-Jul,23.11,6.7,20.6
67,17,1,464,Mar-27,27.29,6.92,23.6
35.5,17,1,251,06-Jul,14.76,7,12.6
30,17,1,245,Apr-19,14.41,8.16,10.5
53.1,17,0,377,Feb-15,22.17,7.09,18.7
58.4,17,0,448,Apr-19,26.35,7.63,20.7
33,17,0,241,Apr-19,14.17,7.3,11.6
43.5,17,0,332,May-19,19.52,7.57,15.4
40,17,0,266,03-Oct,15.64,6.65,14.1
56,17,0,447,Mar-18,26.29,7.98,19.7
43,17,2,285,03-Aug,16.76,6.62,15.1
48.3,17,1,377,Mar-20,22.17,7.77,17.1
54,16,0,350,Apr-35,21.87,6.48,20.2
53.4,16,1,387,04-Oct,24.18,7.21,20.1
67.1,16,0,574,Mar-30,35.87,8.54,25.1
46,16,0,427,Apr-31,26.68,9.28,17.2
39,16,0,347,Apr-22,21.68,8.89,14.6
48,16,1,418,Apr-36,26.12,8.7,18
53,16,1,391,Feb-23,24.43,7.37,19.8
55,16,1,381,Mar-20,23.81,6.92,20.6
60,16,0,497,Mar-23,31.06,8.28,22.5
68,16,0,560,Feb-24,35,8.23,25.5
38,16,1,240,Mar-24,15,6.31,14.2
75.3,16,0,562,Feb-18,35.12,7.44,28.3
56.1,16,1,468,May-20,29.25,8.33,21
33.1,16,1,269,Mar-20,16.81,8.11,12.4
56.4,16,1,459,Mar-36,28.68,8.1,21.2
37.1,16,0,234,Mar-19,14.62,6.29,13.9
78,16,1,600,Mar-21,37.5,7.69,29.2
39.2,16,0,316,Mar-18,19.75,8.03,14.7
48,15,1,306,Mar-24,20.4,6.37,19.2
60.2,15,0,519,Feb-21,34.6,8.6,24.1
41.5,15,0,416,Apr-35,27.73,9.94,16.7
44.1,15,0,407,Apr-25,27.13,9.21,17.6
41.4,15,1,309,Mar-15,20.6,7.41,16.6
40.3,15,1,309,Mar-28,20.6,7.62,16.2
50.4,15,2,310,03-Aug,20.66,6.11,20.2
43.2,15,0,344,Mar-15,22.93,7.93,17.3
33,15,0,225,Apr-13,15,6.81,13.2
55,15,3,365,Mar-33,24.33,6.63,22
63,15,1,417,Mar-22,27.8,6.61,25.2
27.5,14,0,170,Apr-20,12.14,6.1,11.9
60,14,0,495,Feb-17,35.35,8.25,25.7
53.5,14,0,455,Mar-18,32.5,8.45,23
54.4,14,0,325,Mar-32,23.21,5.94,23.4
32,14,0,235,Apr-22,16.78,7.34,13.7
31,14,0,222,Mar-21,15.85,7.16,13.2
36,14,0,266,Apr-14,19,7.38,15.4
70,14,0,482,Mar-17,34.42,6.88,30
65.2,14,1,444,02-Jun,31.71,6.79,28
50.5,14,1,370,Mar-16,26.42,7.27,21.7
66.2,14,1,538,Apr-36,38.42,8.11,28.4
26,14,3,164,Apr-18,11.71,6.3,11.1
38,14,0,288,Mar-20,20.57,7.57,16.2
33,14,0,153,Mar-13,10.92,4.63,14.1
53,14,1,351,02-Aug,25.07,6.62,22.7
34.4,14,0,301,Mar-38,21.5,8.68,14.8
52,13,1,459,Feb-27,35.3,8.82,24
36,13,0,237,Apr-20,18.23,6.58,16.6
30,13,1,282,Mar-35,21.69,9.4,13.8
42.3,13,0,312,Mar-26,24,7.34,19.6
62.1,13,0,524,Feb-23,40.3,8.42,28.6
34.2,13,1,212,Mar-28,16.3,6.17,15.8
29,13,0,216,02-Jul,16.61,7.44,13.3
26,13,0,176,Mar-13,13.53,6.76,12
42.5,13,1,343,Apr-18,26.38,8,19.7
48.1,13,0,411,Mar-34,31.61,8.53,22.2
47,13,0,297,Mar-29,22.84,6.31,21.6
44.4,13,0,324,Mar-23,24.92,7.25,20.6
37.4,13,0,323,Mar-16,24.84,8.57,17.3
38.3,13,2,232,02-Nov,17.84,6.02,17.7
50.5,13,0,438,Feb-22,33.69,8.61,23.4
35.1,13,0,249,03-Dec,19.15,7.08,16.2
61.3,13,4,378,02-Jun,29.07,6.14,28.3
58.1,13,0,442,02-Jun,34,7.59,26.8
55,13,1,400,Apr-23,30.76,7.27,25.3
34.5,13,0,337,Mar-42,25.92,9.67,16
43.2,13,1,309,03-Nov,23.76,7.13,20
35,13,0,245,Mar-23,18.84,7,16.1
51,13,0,424,Mar-31,32.61,8.31,23.5
31,12,0,230,Feb-17,19.16,7.41,15.5
23,12,0,127,Apr-20,10.58,5.52,11.5
46,12,1,316,Mar-17,26.33,6.86,23
25.4,12,0,204,Mar-21,17,7.94,12.8
31.5,12,1,204,Mar-19,17,6.4,15.9
32.1,12,0,171,03-Dec,14.25,5.31,16
35.5,12,1,291,May-24,24.25,8.12,17.9
46,12,1,333,Apr-15,27.75,7.23,23
35,12,0,207,Mar-17,17.25,5.91,17.5
46.5,12,0,417,Apr-34,34.75,8.9,23.4
40,12,1,312,Apr-28,26,7.8,20
42,12,0,309,Mar-18,25.75,7.35,21
35,12,0,249,Mar-24,20.75,7.11,17.5
50,12,1,340,02-Nov,28.33,6.8,25
43,12,0,386,Apr-33,32.16,8.97,21.5
27,12,1,212,Mar-30,17.66,7.85,13.5
29,12,0,192,Apr-16,16,6.62,14.5
31,12,3,169,03-Oct,14.08,5.45,15.5
57,12,1,429,Feb-16,35.75,7.52,28.5
40.2,12,0,249,Mar-17,20.75,6.17,20.1
55.5,12,1,438,Feb-32,36.5,7.84,27.9
32.2,12,0,261,Apr-27,21.75,8.07,16.1
28.2,12,0,168,04-Feb,14,5.92,14.1
27,12,0,168,Mar-17,14,6.22,13.5
28,12,1,204,Apr-25,17,7.28,14
26,12,1,185,Mar-23,15.41,7.11,13
26,11,0,192,02-Jul,17.45,7.38,14.1
40.5,11,0,324,Feb-23,29.45,7.93,22.2
23.3,11,1,117,Apr-16,10.63,4.97,12.8
26,11,0,160,Apr-20,14.54,6.15,14.1
33,11,1,279,Mar-24,25.36,8.45,18
35.3,11,0,317,Mar-27,28.81,8.92,19.3
39,11,0,253,02-Dec,23,6.48,21.2
27,11,0,190,03-Nov,17.27,7.03,14.7
17.1,11,0,121,Apr-28,11,7.04,9.3
31.4,11,0,224,Feb-20,20.36,7.07,17.2
52,11,0,364,Mar-23,33.09,7,28.3
21,11,0,127,03-Jul,11.54,6.04,11.4
20,11,0,128,Apr-19,11.63,6.4,10.9
28,11,0,190,Mar-23,17.27,6.78,15.2
41,11,0,319,Mar-30,29,7.78,22.3
36,11,0,170,Mar-17,15.45,4.72,19.6
22,11,0,146,Apr-27,13.27,6.63,12
46,11,0,376,02-Jul,34.18,8.17,25
34.3,11,0,278,Mar-20,25.27,8.05,18.8
17.3,11,0,148,03-Sep,13.45,8.45,9.5
46,11,0,299,Feb-19,27.18,6.5,25
44.1,10,0,367,Feb-27,36.7,8.3,26.5
19,10,2,84,05-Apr,8.4,4.42,11.4
33,10,0,279,Mar-19,27.9,8.45,19.8
16,10,0,121,Mar-19,12.1,7.56,9.6
39,10,0,292,Feb-23,29.2,7.48,23.4
25.3,10,1,156,03-Aug,15.6,6.11,15.3
47.5,10,0,432,Feb-22,43.2,9.03,28.7
38,10,0,300,Mar-20,30,7.89,22.8
43.3,10,0,313,Mar-16,31.3,7.19,26.1
35,10,3,255,04-Jul,25.5,7.28,21
42.2,10,1,337,Feb-42,33.7,7.96,25.4
37,10,0,283,Feb-26,28.3,7.64,22.2
45,10,1,266,03-Oct,26.6,5.91,27
24,10,0,259,Apr-33,25.9,10.79,14.4
27.4,10,0,275,Mar-38,27.5,9.93,16.6
26,10,1,176,02-Jul,17.6,6.76,15.6
21,10,0,132,Apr-21,13.2,6.28,12.6
29,10,1,209,Mar-22,20.9,7.2,17.4
35,10,0,250,Mar-36,25,7.14,21
50,10,1,359,Feb-45,35.9,7.18,30
38.2,10,0,231,03-Jun,23.1,6.02,23
37,10,0,358,Mar-29,35.8,9.67,22.2
27,10,0,245,Mar-26,24.5,9.07,16.2
38,10,1,219,Feb-14,21.9,5.76,22.8
39,10,1,284,Feb-25,28.4,7.28,23.4
24.1,10,0,182,Mar-16,18.2,7.53,14.5
55.4,10,1,496,Mar-26,49.6,8.91,33.4
31.3,10,0,247,Mar-24,24.7,7.84,18.9
32.5,10,0,257,Feb-21,25.7,7.82,19.7
39.2,10,2,249,Mar-19,24.9,6.33,23.6
31,9,1,214,Feb-19,23.77,6.9,20.6
27,9,0,154,Feb-14,17.11,5.7,18
14,9,1,67,04-Dec,7.44,4.78,9.3
35,9,0,249,Jan-22,27.66,7.11,23.3
43,9,0,313,02-Apr,34.77,7.27,28.6
23,9,1,146,May-13,16.22,6.34,15.3
21.3,9,0,113,Mar-18,12.55,5.25,14.3
12,9,1,86,Mar-27,9.55,7.16,8
26,9,0,161,Feb-15,17.88,6.19,17.3
31.2,9,0,211,03-May,23.44,6.73,20.8
21,9,0,160,Mar-17,17.77,7.61,14
15.2,9,0,143,Mar-19,15.88,9.32,10.2
20.2,9,1,173,Mar-18,19.22,8.5,13.5
23,9,0,105,02-May,11.66,4.56,15.3
26,9,0,210,Mar-19,23.33,8.07,17.3
28,9,1,199,02-Sep,22.11,7.1,18.6
16.3,9,0,118,03-Nov,13.11,7.15,11
31,9,0,222,Mar-18,24.66,7.16,20.6
27,9,1,191,04-Nov,21.22,7.07,18
30,9,0,260,02-May,28.88,8.66,20
24,9,0,220,Mar-21,24.44,9.16,16
20,9,0,154,Mar-21,17.11,7.7,13.3
39,9,0,265,Mar-17,29.44,6.79,26
29.5,9,0,265,Apr-32,29.44,8.88,19.8
28,9,0,198,Mar-23,22,7.07,18.6
32,9,1,253,Feb-18,28.11,7.9,21.3
34,9,0,287,Feb-32,31.88,8.44,22.6
50,9,1,382,Feb-19,42.44,7.64,33.3
28.5,9,1,250,Feb-20,27.77,8.67,19.2
12,9,0,56,Mar-16,6.22,4.66,8
38.2,9,0,319,Feb-27,35.44,8.32,25.5
37,9,1,326,Feb-21,36.22,8.81,24.6
16,9,1,145,Mar-40,16.11,9.06,10.6
23,9,1,142,03-Sep,15.77,6.17,15.3
25,9,0,219,Feb-19,24.33,8.76,16.6
17,8,0,116,Apr-30,14.5,6.82,12.7
37.5,8,0,334,Mar-37,41.75,8.82,28.3
15.1,8,0,117,04-Oct,14.62,7.71,11.3
23,8,0,148,Mar-23,18.5,6.43,17.2
23,8,0,152,02-Oct,19,6.6,17.2
27,8,0,171,Feb-17,21.37,6.33,20.2
28.3,8,0,222,02-Dec,27.75,7.78,21.3
29,8,0,143,03-Nov,17.87,4.93,21.7
15,8,0,95,03-Jul,11.87,6.33,11.2
12,8,1,57,04-Dec,7.12,4.75,9
30,8,0,169,03-Sep,21.12,5.63,22.5
35,8,0,323,Feb-15,40.37,9.22,26.2
25.5,8,0,184,Mar-14,23,7.12,19.3
16,8,2,70,03-May,8.75,4.37,12
23,8,0,133,Mar-13,16.62,5.78,17.2
28,8,2,163,Mar-20,20.37,5.82,21
28,8,0,269,Apr-30,33.62,9.6,21
18,8,1,94,Mar-20,11.75,5.22,13.5
31,8,2,211,Feb-23,26.37,6.8,23.2
27,8,0,236,Mar-24,29.5,8.74,20.2
51,8,2,323,02-Nov,40.37,6.33,38.2
26,8,1,193,Feb-14,24.12,7.42,19.5
34.4,8,0,330,Feb-26,41.25,9.51,26
51.3,8,3,374,Jan-13,46.75,7.26,38.6
21.5,8,0,152,Feb-26,19,6.96,16.3
23,8,0,210,Mar-42,26.25,9.13,17.2
37.5,8,0,262,Feb-20,32.75,6.92,28.3
18,8,0,132,Feb-18,16.5,7.33,13.5
9,8,1,41,03-Oct,5.12,4.55,6.7
20.3,8,0,162,Mar-25,20.25,7.9,15.3
38.3,8,2,265,Mar-28,33.12,6.88,28.8
40,8,0,318,02-Jun,39.75,7.95,30
23,8,2,147,Feb-20,18.37,6.39,17.2
28.5,8,2,220,Feb-24,27.5,7.63,21.6
13,8,2,44,Mar-14,5.5,3.38,9.7
46.2,8,0,400,Feb-34,50,8.63,34.7
23,8,0,206,Feb-17,25.75,8.95,17.2
30.5,8,0,277,Feb-14,34.62,8.98,23.1
18,8,0,144,Apr-28,18,8,13.5
27.3,8,0,242,Apr-27,30.25,8.8,20.6
38.3,8,0,277,Feb-15,34.62,7.19,28.8
13,8,2,62,03-Sep,7.75,4.76,9.7
31,8,0,231,Feb-31,28.87,7.45,23.2
15,8,0,105,Apr-28,13.12,7,11.2
14,8,0,115,Apr-38,14.37,8.21,10.5
13,8,0,86,Mar-21,10.75,6.61,9.7
15.3,7,0,101,02-Oct,14.42,6.51,13.2
14,7,0,76,Mar-14,10.85,5.42,12
16,7,0,117,Apr-21,16.71,7.31,13.7
20.1,7,1,137,Apr-17,19.57,6.79,17.2
23.2,7,0,228,Feb-26,32.57,9.77,20
20,7,1,129,Feb-21,18.42,6.45,17.1
11,7,0,85,Apr-19,12.14,7.72,9.4
24.5,7,0,224,Mar-22,32,9.02,21.2
14,7,1,96,04-Dec,13.71,6.85,12
15,7,0,94,Feb-13,13.42,6.26,12.8
31,7,0,247,Mar-14,35.28,7.96,26.5
22,7,1,191,Mar-44,27.28,8.68,18.8
15,7,0,82,Apr-21,11.71,5.46,12.8
49,7,1,373,Feb-31,53.28,7.61,42
17,7,0,116,Mar-28,16.57,6.82,14.5
15,7,0,136,Mar-16,19.42,9.06,12.8
31,7,0,250,Jan-16,35.71,8.06,26.5
14,7,1,140,Feb-18,20,10,12
21.2,7,0,211,Feb-24,30.14,9.89,18.2
26.2,7,1,179,Feb-34,25.57,6.79,22.5
21,7,0,139,Mar-20,19.85,6.61,18
26,7,0,160,Feb-18,22.85,6.15,22.2
40.4,7,0,367,Feb-20,52.42,9.02,34.8
27,7,0,199,Feb-18,28.42,7.37,23.1
28,7,0,152,02-Aug,21.71,5.42,24
23,7,1,193,Feb-14,27.57,8.39,19.7
16,7,0,101,Mar-27,14.42,6.31,13.7
19,7,1,119,Feb-17,17,6.26,16.2
26,7,0,188,02-Dec,26.85,7.23,22.2
7.2,7,0,47,05-Jun,6.71,6.4,6.2
29.5,7,0,262,Feb-26,37.42,8.78,25.5
15,7,0,102,Mar-24,14.57,6.8,12.8
28,7,1,139,Mar-22,19.85,4.96,24
42,7,0,321,02-Jun,45.85,7.64,36
9.4,7,1,83,Apr-21,11.85,8.58,8.2
21.1,7,0,148,02-Nov,21.14,6.99,18.1
19,7,0,120,Apr-15,17.14,6.31,16.2
15,7,1,116,Mar-16,16.57,7.73,12.8
23,7,0,131,02-Apr,18.71,5.69,19.7
23.4,7,0,212,Mar-24,30.28,8.95,20.2
10,7,0,62,04-Aug,8.85,6.2,8.5
34,7,2,288,02-Dec,41.14,8.47,29.1
20.1,7,0,155,02-Oct,22.14,7.68,17.2
22,7,0,179,Feb-37,25.57,8.13,18.8
52.5,7,0,416,Jan-16,59.42,7.87,45.2
21.2,7,0,216,Feb-16,30.85,10.12,18.2
27,7,0,253,Feb-40,36.14,9.37,23.1
12,6,0,76,Mar-25,12.66,6.33,12
13,6,0,72,Mar-20,12,5.53,13
14,6,0,83,Mar-26,13.83,5.92,14
36,6,0,330,Feb-40,55,9.16,36
16.2,6,1,135,Apr-18,22.5,8.26,16.3
18.2,6,0,151,Feb-34,25.16,8.23,18.3
14,6,0,98,Feb-18,16.33,7,14
14,6,0,103,Feb-16,17.16,7.35,14
14,6,0,107,Mar-21,17.83,7.64,14
20,6,0,154,Mar-18,25.66,7.7,20
20,6,0,108,Feb-23,18,5.4,20
26,6,1,168,Feb-27,28,6.46,26
47.2,6,0,315,Jan-21,52.5,6.65,47.3
26,6,0,225,01-Feb,37.5,8.65,26
16,6,0,99,Mar-26,16.5,6.18,16
18,6,0,153,Feb-22,25.5,8.5,18
18.5,6,2,118,03-Oct,19.66,6.26,18.8
4.2,6,0,23,Apr-15,3.83,5.3,4.3
33.4,6,1,192,02-Sep,32,5.7,33.6
14,6,0,103,Feb-20,17.16,7.35,14
26,6,0,261,Feb-34,43.5,10.03,26
13.3,6,0,92,Apr-16,15.33,6.81,13.5
15,6,3,51,Mar-14,8.5,3.4,15
13,6,0,70,02-Oct,11.66,5.38,13
19,6,0,156,02-Jun,26,8.21,19
11,6,0,59,Mar-15,9.83,5.36,11
20,6,0,115,02-Nov,19.16,5.75,20
25,6,0,197,Feb-31,32.83,7.88,25
22,6,1,114,Feb-17,19,5.18,22
15,6,0,109,Feb-13,18.16,7.26,15
30,6,0,280,Feb-31,46.66,9.33,30
32,6,0,298,Feb-22,49.66,9.31,32
13,6,0,116,Feb-30,19.33,8.92,13
19,6,0,149,Mar-29,24.83,7.84,19
20.5,6,1,188,Feb-17,31.33,9.02,20.8
12.2,6,0,94,Feb-22,15.66,7.62,12.3
15,6,0,82,Mar-14,13.66,5.46,15
11,6,0,60,Mar-26,10,5.45,11
10,6,0,75,Feb-21,12.5,7.5,10
14,6,0,139,02-Sep,23.16,9.92,14
11.1,6,0,70,03-Nov,11.66,6.26,11.1
23.3,6,0,131,Mar-26,21.83,5.57,23.5
17,6,1,137,Mar-17,22.83,8.05,17
23,6,0,146,Mar-23,24.33,6.34,23
12,6,1,70,02-Aug,11.66,5.83,12
23,6,0,185,Feb-28,30.83,8.04,23
13.4,6,0,109,Feb-22,18.16,7.97,13.6
23,6,0,216,Feb-27,36,9.39,23
6,6,0,55,Apr-19,9.16,9.16,6
21,6,0,137,Feb-15,22.83,6.52,21
23.3,6,0,249,Feb-29,41.5,10.59,23.5
8,6,1,41,04-Oct,6.83,5.12,8
16,6,0,70,Mar-20,11.66,4.37,16
22,6,1,128,Feb-14,21.33,5.81,22
35,6,1,262,Feb-26,43.66,7.48,35
27,6,0,198,Mar-21,33,7.33,27
19.4,6,0,164,Feb-16,27.33,8.33,19.6
7.5,6,0,49,04-Oct,8.16,6.25,7.8
17,5,0,117,Feb-21,23.4,6.88,20.4
25,5,0,147,01-Jun,29.4,5.88,30
23,5,0,173,Feb-13,34.6,7.52,27.6
18,5,2,88,Feb-22,17.6,4.88,21.6
23.4,5,1,178,Mar-22,35.6,7.52,28.4
33,5,0,264,03-Jun,52.8,8,39.6
10,5,0,103,Feb-15,20.6,10.3,12
9,5,0,70,Feb-18,14,7.77,10.8
36,5,2,245,Feb-22,49,6.8,43.2
18,5,0,113,Feb-22,22.6,6.27,21.6
26,5,0,255,Feb-36,51,9.8,31.2
18,5,0,199,Feb-25,39.8,11.05,21.6
11,5,0,71,Mar-25,14.2,6.45,13.2
15,5,0,90,02-Jun,18,6,18
20,5,0,152,Mar-27,30.4,7.6,24
15,5,0,100,Feb-22,20,6.66,18
4.2,5,0,30,May-18,6,6.92,5.2
25,5,0,161,Feb-23,32.2,6.44,30
10,5,0,62,Feb-20,12.4,6.2,12
4.2,5,0,32,Mar-32,6.4,7.38,5.2
17,5,1,113,Mar-17,22.6,6.64,20.4
24.5,5,0,204,01-Nov,40.8,8.21,29.8
15.4,5,0,128,02-Mar,25.6,8.17,18.8
16,5,0,125,Feb-18,25,7.81,19.2
10,5,0,33,Mar-13,6.6,3.3,12
16,5,0,134,Feb-24,26.8,8.37,19.2
7,5,0,57,Apr-29,11.4,8.14,8.4
14.4,5,0,142,Feb-47,28.4,9.68,17.6
26.5,5,0,260,Feb-38,52,9.68,32.2
12,5,0,98,Feb-28,19.6,8.16,14.4
8,5,0,79,Mar-31,15.8,9.87,9.6
22.3,5,0,156,Mar-23,31.2,6.93,27
9,5,0,37,03-Dec,7.4,4.11,10.8
9.1,5,0,89,Feb-27,17.8,9.7,11
21.4,5,0,160,Feb-21,32,7.38,26
5,5,0,49,Mar-16,9.8,9.8,6
11,5,1,45,Mar-19,9,4.09,13.2
16,5,1,114,03-Oct,22.8,7.12,19.2
12,5,0,93,Feb-29,18.6,7.75,14.4
20,5,0,177,Feb-25,35.4,8.85,24
14.1,5,0,101,Mar-19,20.2,7.12,17
20.3,5,0,167,Feb-20,33.4,8.14,24.6
26,5,1,177,Feb-18,35.4,6.8,31.2
6,5,0,61,Apr-47,12.2,10.16,7.2
12,5,0,83,Mar-25,16.6,6.91,14.4
13,5,1,61,02-Aug,12.2,4.69,15.6
15.5,5,0,119,Feb-23,23.8,7.51,19
23,5,0,203,Feb-44,40.6,8.82,27.6
3.5,5,0,44,May-36,8.8,11.47,4.6
37,5,0,285,Feb-22,57,7.7,44.4
13,5,0,85,Feb-20,17,6.53,15.6
13,5,1,61,Mar-15,12.2,4.69,15.6
10,5,0,86,Apr-23,17.2,8.6,12
24,5,1,190,Feb-31,38,7.91,28.8
21,5,0,191,Feb-32,38.2,9.09,25.2
25,5,1,201,Mar-27,40.2,8.04,30
15,5,0,123,Feb-13,24.6,8.2,18
23.2,5,0,152,Feb-26,30.4,6.51,28
9.3,5,0,48,02-Dec,9.6,5.05,11.4
25,5,1,196,Mar-17,39.2,7.84,30
17.1,5,0,173,Mar-24,34.6,10.07,20.6
13.1,5,0,106,Feb-24,21.2,8.05,15.8
17,5,0,160,03-Sep,32,9.41,20.4
20.2,5,0,164,Mar-19,32.8,8.06,24.4
10,5,0,83,Feb-24,16.6,8.3,12
19,5,0,65,02-Oct,13,3.42,22.8
17.2,5,0,143,Mar-20,28.6,8.25,20.8
7.1,5,0,65,Mar-34,13,9.06,8.6
13,5,1,72,Feb-18,14.4,5.53,15.6
9.5,5,0,52,02-Nov,10.4,5.28,11.8
14,4,0,148,Feb-33,37,10.57,21
11,4,0,106,Feb-27,26.5,9.63,16.5
10,4,1,79,02-Sep,19.75,7.9,15
9,4,1,40,03-Sep,10,4.44,13.5
11.1,4,0,76,01-May,19,6.8,16.7
9.2,4,0,82,02-Aug,20.5,8.78,14
10,4,0,79,Feb-29,19.75,7.9,15
9,4,1,40,Mar-15,10,4.44,13.5
11,4,0,82,Feb-34,20.5,7.45,16.5
11,4,0,71,Feb-24,17.75,6.45,16.5
10,4,2,46,02-Apr,11.5,4.6,15
6.5,4,0,50,Mar-20,12.5,7.31,10.2
11,4,0,66,Feb-13,16.5,6,16.5
13,4,0,107,Feb-32,26.75,8.23,19.5
14,4,0,96,Mar-32,24,6.85,21
12,4,1,67,Feb-18,16.75,5.58,18
11,4,0,107,Mar-31,26.75,9.72,16.5
14,4,0,79,02-Apr,19.75,5.64,21
10,4,0,70,Mar-26,17.5,7,15
11,4,0,93,Feb-19,23.25,8.45,16.5
14.2,4,0,107,Feb-30,26.75,7.46,21.5
8.3,4,0,86,Mar-47,21.5,10.11,12.7
23,4,1,151,Feb-13,37.75,6.56,34.5
25,4,0,157,Feb-13,39.25,6.28,37.5
9,4,0,52,02-Oct,13,5.77,13.5
8,4,0,52,Mar-23,13,6.5,12
18,4,0,91,Feb-19,22.75,5.05,27
16,4,0,156,Jan-24,39,9.75,24
9,4,1,42,Feb-28,10.5,4.66,13.5
16,4,0,112,Feb-25,28,7,24
11.4,4,1,95,Feb-27,23.75,8.14,17.5
17,4,0,158,Feb-35,39.5,9.29,25.5
11.3,4,0,63,Feb-22,15.75,5.47,17.2
6,4,0,54,02-Dec,13.5,9,9
18.3,4,1,151,01-Jul,37.75,8.16,27.7
10,4,0,59,Feb-20,14.75,5.9,15
12,4,0,68,Feb-29,17,5.66,18
5,4,0,26,Apr-13,6.5,5.2,7.5
14.3,4,0,138,Feb-20,34.5,9.51,21.7
15,4,0,116,Feb-26,29,7.73,22.5
8,4,0,47,Feb-21,11.75,5.87,12
9.4,4,0,84,Feb-35,21,8.68,14.5
9,4,0,74,02-Sep,18.5,8.22,13.5
24.2,4,0,198,Jan-13,49.5,8.13,36.5
12,4,0,121,Mar-27,30.25,10.08,18
12.1,4,0,80,Feb-14,20,6.57,18.2
10.5,4,0,55,Mar-20,13.75,5.07,16.2
6,4,0,48,Mar-16,12,8,9
7,4,0,55,Apr-24,13.75,7.85,10.5
7.3,4,0,49,Feb-18,12.25,6.53,11.2
16,4,1,88,Feb-16,22,5.5,24
22.4,4,1,183,Feb-24,45.75,8.07,34
23,4,0,174,Feb-17,43.5,7.56,34.5
19.3,4,0,211,Feb-39,52.75,10.82,29.2
10,4,0,65,03-Sep,16.25,6.5,15
36,4,0,330,Feb-31,82.5,9.16,54
8.4,4,0,78,Mar-19,19.5,9,13
20,4,0,192,Feb-31,48,9.6,30
7,4,0,55,Feb-28,13.75,7.85,10.5
23,4,0,164,Jan-23,41,7.13,34.5
10,4,0,56,Mar-18,14,5.6,15
19.4,4,0,186,01-Dec,46.5,9.45,29.5
16,4,0,142,Feb-33,35.5,8.87,24
12.2,4,0,65,Feb-16,16.25,5.27,18.5
10,4,0,80,Mar-23,20,8,15
17,4,0,166,Feb-28,41.5,9.76,25.5
22.4,4,0,161,Feb-28,40.25,7.1,34
24,4,0,140,Feb-31,35,5.83,36
14,4,0,83,Mar-19,20.75,5.92,21
7.3,4,1,41,Mar-18,10.25,5.46,11.2
9,4,0,56,Feb-13,14,6.22,13.5
13,4,0,128,Feb-17,32,9.84,19.5
10,4,0,86,Feb-25,21.5,8.6,15
15,4,0,104,Feb-19,26,6.93,22.5
13.5,4,0,114,Feb-23,28.5,8.24,20.7
8.4,4,0,56,Mar-14,14,6.46,13
4,4,0,18,Apr-18,4.5,4.5,6
6.5,4,2,21,Feb-15,5.25,3.07,10.2
9,4,0,52,02-Mar,13,5.77,13.5
9,4,0,76,Feb-21,19,8.44,13.5
10.4,4,0,99,Feb-13,24.75,9.28,16
11.3,4,0,76,Feb-32,19,6.6,17.2
12.5,4,0,92,Feb-15,23,7.16,19.2
11,4,0,76,Mar-33,19,6.9,16.5
20,4,0,198,Feb-22,49.5,9.9,30
8,4,0,42,Mar-17,10.5,5.25,12
15.4,4,0,131,Feb-22,32.75,8.36,23.5
35,4,1,299,Jan-28,74.75,8.54,52.5
17.2,4,0,126,Feb-21,31.5,7.26,26
16.1,4,1,116,Feb-23,29,7.17,24.2
24.5,4,0,187,Feb-33,46.75,7.53,37.2
29,4,2,202,01-Oct,50.5,6.96,43.5
9,4,1,59,Mar-17,14.75,6.55,13.5
19,4,0,130,Jan-21,32.5,6.84,28.5
16,4,0,93,Jan-15,23.25,5.81,24
39.4,4,0,323,Jan-24,80.75,8.14,59.5
21.2,4,0,152,Feb-13,38,7.12,32
12,4,3,66,03-Apr,16.5,5.5,18
15,4,0,126,Apr-19,31.5,8.4,22.5
5,4,0,49,Mar-29,12.25,9.8,7.5
10,3,0,61,Feb-14,20.33,6.1,20
10,3,0,87,Feb-26,29,8.7,20
12.5,3,0,105,Feb-20,35,8.18,25.6
10.3,3,1,85,02-Oct,28.33,8.09,21
10,3,0,75,Feb-16,25,7.5,20
9,3,0,74,Jan-21,24.66,8.22,18
14,3,0,85,Jan-13,28.33,6.07,28
8,3,0,69,Mar-28,23,8.62,16
11,3,0,94,Feb-36,31.33,8.54,22
9,3,0,82,Feb-40,27.33,9.11,18
10,3,0,62,Feb-15,20.66,6.2,20
3,3,0,12,03-Dec,4,4,6
5,3,0,27,Feb-15,9,5.4,10
12,3,1,68,Feb-29,22.66,5.66,24
16,3,0,116,Jan-19,38.66,7.25,32
11,3,0,90,Mar-26,30,8.18,22
13,3,0,128,Jan-29,42.66,9.84,26
13,3,0,86,Feb-18,28.66,6.61,26
10,3,0,76,Mar-26,25.33,7.6,20
4,3,0,18,Mar-18,6,4.5,8
6,3,0,42,Mar-15,14,7,12
10,3,0,77,01-Oct,25.66,7.7,20
8,3,1,38,Feb-16,12.66,4.75,16
17,3,0,132,Feb-18,44,7.76,34
5,3,0,61,Feb-23,20.33,12.2,10
21,3,0,215,Jan-18,71.66,10.23,42
22.2,3,0,202,Jan-18,67.33,9.04,44.6
8,3,0,43,01-Nov,14.33,5.37,16
5,3,0,57,Mar-41,19,11.4,10
12.3,3,0,114,Mar-30,38,9.12,25
11,3,0,90,Feb-30,30,8.18,22
12,3,1,67,1/0,22.33,5.58,24
9,3,0,66,Feb-28,22,7.33,18
8,3,0,68,Mar-25,22.66,8.5,16
7.2,3,0,71,Feb-33,23.66,9.68,14.6
1.4,3,0,10,02-Mar,3.33,6,3.3
7,3,0,51,Feb-19,17,7.28,14
7,3,0,56,Mar-44,18.66,8,14
9,3,0,67,Feb-21,22.33,7.44,18
6.5,3,0,49,Mar-16,16.33,7.17,13.6
12,3,0,74,01-May,24.66,6.16,24
8,3,0,55,Feb-26,18.33,6.87,16
8,3,0,60,Mar-22,20,7.5,16
12,3,0,113,Feb-21,37.66,9.41,24
10,3,0,81,Jan-19,27,8.1,20
6,3,0,50,Feb-27,16.66,8.33,12
11,3,0,96,Feb-18,32,8.72,22
12,3,0,51,Jan-13,17,4.25,24
10,3,0,56,Mar-14,18.66,5.6,20
9.5,3,0,89,Feb-19,29.66,9.05,19.6
7,3,0,44,Feb-27,14.66,6.28,14
21.5,3,0,202,01-Nov,67.33,9.25,43.6
19,3,1,132,Feb-23,44,6.94,38
17,3,0,130,Feb-24,43.33,7.64,34
10,3,0,71,Jan-18,23.66,7.1,20
7,3,0,50,Feb-18,16.66,7.14,14
11,3,0,82,Mar-15,27.33,7.45,22
17,3,0,99,01-May,33,5.82,34
8,3,0,116,Feb-62,38.66,14.5,16
8,3,0,55,Feb-23,18.33,6.87,16
12,3,0,97,Feb-24,32.33,8.08,24
12,3,0,102,Feb-26,34,8.5,24
14,3,0,100,Jan-19,33.33,7.14,28
3,3,0,26,02-Jun,8.66,8.66,6
10,3,0,115,Jan-20,38.33,11.5,20
14,3,0,155,Jan-31,51.66,11.07,28
8,3,0,43,Feb-19,14.33,5.37,16
1,3,0,3,03-Mar,1,3,2
19,3,1,129,Jan-27,43,6.78,38
5,3,0,33,Mar-25,11,6.6,10
5,3,0,41,Mar-18,13.66,8.2,10
14,3,0,85,02-Nov,28.33,6.07,28
16,3,0,137,Mar-37,45.66,8.56,32
12,3,0,148,Jan-45,49.33,12.33,24
2.2,3,0,11,03-Nov,3.66,4.71,4.6
15,3,0,122,Feb-32,40.66,8.13,30
10,3,0,79,01-Sep,26.33,7.9,20
12.4,3,0,119,01-Jul,39.66,9.39,25.3
8,3,0,72,Feb-23,24,9,16
16,3,0,138,Feb-33,46,8.62,32
13,3,0,104,Feb-17,34.66,8,26
10,3,0,72,Mar-26,24,7.2,20
8,3,0,41,Feb-18,13.66,5.12,16
3,3,0,4,03-Apr,1.33,1.33,6
14,3,0,116,01-Dec,38.66,8.28,28
3,3,0,20,03-Nov,6.66,6.66,6
11,3,0,36,Feb-15,12,3.27,22
6,3,0,32,Feb-17,10.66,5.33,12
12,3,0,61,Feb-18,20.33,5.08,24
18.1,3,1,101,01-Jul,33.66,5.55,36.3
10,3,0,93,Feb-38,31,9.3,20
11,3,0,97,Feb-38,32.33,8.81,22
7.2,3,0,56,Feb-29,18.66,7.63,14.6
20,3,0,140,Feb-35,46.66,7,40
15.3,3,0,129,Feb-25,43,8.32,31
19,3,0,151,Jan-13,50.33,7.94,38
8,3,0,58,Feb-24,19.33,7.25,16
10,3,0,79,01-Sep,26.33,7.9,20
3,3,0,18,02-Jan,6,6,6
5,3,0,40,02-Jun,13.33,8,10
11,3,0,110,Mar-32,36.66,10,22
11,3,0,89,01-Aug,29.66,8.09,22
8,3,0,73,Feb-28,24.33,9.12,16
10,3,0,48,Mar-14,16,4.8,20
13.3,3,0,156,Feb-24,52,11.55,27
6,3,0,45,Feb-13,15,7.5,12
7,3,0,64,Feb-31,21.33,9.14,14
14,3,0,128,Feb-31,42.66,9.14,28
13.3,3,0,116,Feb-29,38.66,8.59,27
13,3,1,70,02-Oct,23.33,5.38,26
4,3,0,25,Mar-25,8.33,6.25,8
11,3,0,82,Feb-16,27.33,7.45,22
12,3,0,109,Feb-25,36.33,9.08,24
10,3,0,93,Feb-16,31,9.3,20
6,3,0,42,02-Dec,14,7,12
7,3,0,30,Feb-22,10,4.28,14
16,3,1,90,Jan-15,30,5.62,32
17.2,3,0,135,Feb-15,45,7.78,34.6
10,3,0,92,01-Apr,30.66,9.2,20
19,3,0,142,Jan-23,47.33,7.47,38
10,3,0,79,Feb-33,26.33,7.9,20
15.3,3,1,93,02-Feb,31,6,31
3.4,3,0,18,Mar-18,6,4.9,7.3
9.3,3,0,47,Mar-16,15.66,4.94,19
9,3,0,56,01-Dec,18.66,6.22,18
1,3,0,4,03-Apr,1.33,4,2
12.3,3,0,127,Jan-16,42.33,10.16,25
13,3,0,60,01-Jul,20,4.61,26
6,2,0,37,01-Dec,18.5,6.16,18
7,2,0,28,01-Jun,14,4,21
7,2,0,44,Jan-16,22,6.28,21
6,2,0,44,01-Sep,22,7.33,18
7.3,2,0,81,01-Aug,40.5,10.8,22.5
10,2,0,65,Feb-20,32.5,6.5,30
5,2,0,35,02-Dec,17.5,7,15
2.3,2,0,14,02-Dec,7,5.6,7.5
12,2,1,85,Jan-21,42.5,7.08,36
3,2,0,30,Feb-30,15,10,9
9,2,0,59,01-Sep,29.5,6.55,27
6,2,0,42,Feb-15,21,7,18
4,2,0,29,Feb-29,14.5,7.25,12
6,2,0,34,Jan-14,17,5.66,18
14,2,0,90,02-May,45,6.42,42
12,2,0,84,Jan-18,42,7,36
12,2,0,51,Jan-15,25.5,4.25,36
8,2,0,58,01-Dec,29,7.25,24
7,2,0,83,Jan-39,41.5,11.85,21
3.3,2,0,10,02-Oct,5,2.85,10.5
5.4,2,0,49,01-Mar,24.5,8.64,17
10,2,0,68,Feb-28,34,6.8,30
4,2,0,45,Jan-22,22.5,11.25,12
14,2,0,110,Jan-24,55,7.85,42
11,2,0,106,01-Jan,53,9.63,33
3,2,0,27,02-Nov,13.5,9,9
5,2,0,39,01-Oct,19.5,7.8,15
4,2,0,46,Jan-21,23,11.5,12
4,2,0,32,Feb-18,16,8,12
12,2,0,80,Feb-16,40,6.66,36
5,2,0,30,02-Jun,15,6,15
10,2,0,42,Feb-17,21,4.2,30
7,2,0,69,Feb-45,34.5,9.85,21
7.4,2,0,79,Jan-22,39.5,10.3,23
10,2,0,105,Feb-40,52.5,10.5,30
14,2,2,85,Jan-21,42.5,6.07,42
9,2,1,44,01-Oct,22,4.88,27
3.2,2,0,35,Feb-35,17.5,10.5,10
6,2,0,65,Jan-18,32.5,10.83,18
2,2,0,14,Feb-14,7,7,6
4,2,0,26,Feb-13,13,6.5,12
7.2,2,0,47,Jan-20,23.5,6.4,22
3,2,0,43,Feb-43,21.5,14.33,9
9,2,0,78,Feb-23,39,8.66,27
12,2,0,106,Feb-35,53,8.83,36
8,2,0,59,Feb-15,29.5,7.37,24
17,2,0,98,Feb-25,49,5.76,51
2,2,0,20,Feb-20,10,10,6
16,2,1,104,Jan-21,52,6.5,48
8.4,2,0,77,Feb-19,38.5,8.88,26
12,2,0,156,Jan-43,78,13,36
4,2,0,34,Feb-34,17,8.5,12
6,2,0,46,01-Mar,23,7.66,18
9,2,0,100,Feb-33,50,11.11,27
11.5,2,0,118,Jan-32,59,9.97,35.5
6,2,0,48,Feb-31,24,8,18
7,2,0,54,Feb-36,27,7.71,21
7,2,1,40,Jan-19,20,5.71,21
5.4,2,0,31,Feb-20,15.5,5.47,17
5.1,2,0,62,Feb-23,31,12,15.5
10,2,0,93,Jan-18,46.5,9.3,30
10,2,0,58,Jan-20,29,5.8,30
4,2,0,34,Jan-13,17,8.5,12
8,2,0,53,02-Mar,26.5,6.62,24
4,2,0,14,Feb-14,7,3.5,12
12,2,0,113,01-Apr,56.5,9.41,36
9,2,0,65,Jan-18,32.5,7.22,27
12,2,0,81,Jan-19,40.5,6.75,36
7.1,2,0,54,Feb-30,27,7.53,21.5
7.5,2,0,70,Jan-28,35,8.93,23.5
8,2,0,41,Jan-16,20.5,5.12,24
17,2,0,120,Jan-27,60,7.05,51
9,2,0,39,Jan-14,19.5,4.33,27
5,2,0,63,Jan-31,31.5,12.6,15
10,2,0,52,01-Oct,26,5.2,30
15,2,1,69,Jan-16,34.5,4.6,45
8,2,0,56,01-Nov,28,7,24
8,2,0,42,Feb-19,21,5.25,24
4,2,0,48,Feb-48,24,12,12
8,2,0,46,Feb-19,23,5.75,24
4,2,0,44,Feb-44,22,11,12
11,2,0,79,01-Aug,39.5,7.18,33
4,2,0,40,Feb-40,20,10,12
8,2,0,55,Feb-24,27.5,6.87,24
13,2,0,104,Feb-13,52,8,39
9.5,2,0,83,Feb-23,41.5,8.44,29.5
6,2,0,60,01-Nov,30,10,18
17,2,0,131,01-Jun,65.5,7.7,51
8,2,0,74,Jan-20,37,9.25,24
10,2,0,90,Feb-26,45,9,30
12.5,2,0,99,01-Nov,49.5,7.71,38.5
6.2,2,0,56,01-Dec,28,8.84,19
9,2,0,58,Feb-16,29,6.44,27
2.5,2,0,24,Feb-24,12,8.47,8.5
7.5,2,0,67,Feb-15,33.5,8.55,23.5
3.4,2,0,21,02-Feb,10.5,5.72,11
2.3,2,0,23,01-Apr,11.5,9.2,7.5
10,2,0,68,01-Feb,34,6.8,30
12,2,0,63,Jan-21,31.5,5.25,36
10,2,0,88,Jan-22,44,8.8,30
8,2,0,72,Jan-30,36,9,24
6,2,0,48,Feb-36,24,8,18
9,2,0,61,01-Apr,30.5,6.77,27
7,2,0,36,01-Dec,18,5.14,21
8,2,0,60,Feb-20,30,7.5,24
11,2,1,58,01-Mar,29,5.27,33
2,2,0,10,02-Oct,5,5,6
7,2,1,21,02-Dec,10.5,3,21
3,2,0,21,Feb-21,10.5,7,9
11,2,0,71,Jan-18,35.5,6.45,33
7,2,0,58,Jan-20,29,8.28,21
6.1,2,0,55,Feb-20,27.5,8.91,18.5
7,2,0,78,Jan-38,39,11.14,21
16,2,0,141,Feb-38,70.5,8.81,48
7,2,0,29,Feb-15,14.5,4.14,21
4,2,0,37,Feb-37,18.5,9.25,12
9,2,0,74,Jan-17,37,8.22,27
12,2,0,90,Jan-22,45,7.5,36
7.5,2,0,44,Jan-13,22,5.61,23.5
4,2,0,45,Feb-45,22.5,11.25,12
8.1,2,0,111,Jan-32,55.5,13.59,24.5
9,2,1,31,01-May,15.5,3.44,27
2,2,0,5,02-May,2.5,2.5,6
1.5,2,0,21,Feb-21,10.5,11.45,5.5
3,2,0,6,02-Jun,3,2,9
4,2,0,18,Feb-18,9,4.5,12
11,2,0,101,01-Dec,50.5,9.18,33
7,2,0,53,Feb-34,26.5,7.57,21
13,2,0,82,01-Mar,41,6.3,39
8,2,1,35,Jan-16,17.5,4.37,24
3,2,0,22,Feb-22,11,7.33,9
4,2,0,42,Feb-42,21,10.5,12
7,1,0,67,Jan-34,67,9.57,42
3,1,0,12,01-Dec,12,4,18
1,1,0,10,01-Oct,10,10,6
4,1,0,45,Jan-45,45,11.25,24
2,1,0,19,01-Jul,19,9.5,12
3,1,0,28,01-Nov,28,9.33,18
9,1,0,67,01-Jun,67,7.44,54
6.4,1,0,57,Jan-17,57,8.55,40
3.4,1,0,44,Jan-44,44,12,22
1,1,0,13,Jan-13,13,13,6
11.1,1,0,75,Jan-26,75,6.71,67
24,1,0,158,Jan-18,158,6.58,144
0.4,1,0,4,01-Apr,4,6,4
8,1,0,39,Jan-18,39,4.87,48
6,1,0,51,Jan-24,51,8.5,36
3,1,0,12,01-Dec,12,4,18
9,1,0,63,01-Jun,63,7,54
5,1,0,54,Jan-14,54,10.8,30
8,1,0,49,Jan-15,49,6.12,48
4,1,0,27,Jan-27,27,6.75,24
4,1,0,15,Jan-15,15,3.75,24
7,1,0,84,Jan-19,84,12,42
8,1,0,52,Jan-28,52,6.5,48
2,1,0,19,Jan-19,19,9.5,12
3,1,0,27,Jan-27,27,9,18
5,1,0,35,Jan-18,35,7,30
8,1,0,62,Jan-38,62,7.75,48
4,1,0,36,Jan-36,36,9,24
2,1,0,13,01-Jun,13,6.5,12
3,1,0,30,Jan-30,30,10,18
4,1,0,42,Jan-42,42,10.5,24
9,1,0,93,Jan-51,93,10.33,54
11,1,0,104,Jan-25,104,9.45,66
2,1,0,21,Jan-21,21,10.5,12
3,1,0,29,Jan-29,29,9.66,18
5,1,0,56,Jan-13,56,11.2,30
2,1,0,16,Jan-16,16,8,12
5,1,0,51,Jan-14,51,10.2,30
7,1,1,62,01-Mar,62,8.85,42
2.5,1,0,12,01-Dec,12,4.23,17
4,1,0,49,Jan-49,49,12.25,24
2,1,0,14,01-Apr,14,7,12
4,1,0,29,01-Oct,29,7.25,24
1,1,0,12,01-Dec,12,12,6
6.3,1,0,42,Jan-13,42,6.46,39
13.5,1,0,108,01-Apr,108,7.8,83
3,1,0,31,Jan-17,31,10.33,18
4,1,0,39,Jan-16,39,9.75,24
4.5,1,0,37,01-Jun,37,7.65,29
5,1,0,43,Jan-13,43,8.6,30
3,1,0,35,Jan-15,35,11.66,18
10,1,0,51,01-Jun,51,5.1,60
5,1,0,43,Jan-14,43,8.6,30
8.1,1,0,63,Jan-22,63,7.71,49
8,1,0,67,Jan-34,67,8.37,48
3,1,0,33,Jan-33,33,11,18
15,1,0,73,Jan-26,73,4.86,90
9.2,1,0,53,Jan-16,53,5.67,56
4,1,0,16,01-Sep,16,4,24
5,1,0,53,Jan-26,53,10.6,30
7.3,1,0,60,Jan-15,60,8,45
8,1,0,49,Jan-31,49,6.12,48
4,1,0,47,Jan-26,47,11.75,24
11,1,0,96,Jan-23,96,8.72,66
12.1,1,0,106,Jan-24,106,8.71,73
1,1,0,8,01-Aug,8,8,6
4,1,0,26,Jan-26,26,6.5,24
12,1,1,72,Jan-23,72,6,72
5,1,0,47,Jan-33,47,9.4,30
2,1,0,26,Jan-26,26,13,12
5,1,0,48,Jan-33,48,9.6,30
6,1,0,40,Jan-26,40,6.66,36
3,1,0,44,Jan-44,44,14.66,18
5,1,0,31,Jan-15,31,6.2,30
9,1,1,79,Jan-19,79,8.77,54
2,1,0,27,Jan-27,27,13.5,12
4,1,0,27,Jan-27,27,6.75,24
3,1,0,22,01-Oct,22,7.33,18
3,1,0,20,Jan-20,20,6.66,18
3,1,0,20,01-Aug,20,6.66,18
5,1,0,57,Jan-37,57,11.4,30
4,1,0,30,Jan-30,30,7.5,24
3,1,0,25,Jan-25,25,8.33,18
3,1,0,32,Jan-32,32,10.66,18
12,1,0,115,Jan-15,115,9.58,72
1,1,0,13,Jan-13,13,13,6
4,1,0,22,Jan-22,22,5.5,24
3,1,0,32,Jan-32,32,10.66,18
3,1,0,25,Jan-25,25,8.33,18
1.2,1,0,17,01-Sep,17,12.75,8
8,1,0,63,Jan-29,63,7.87,48
5,1,0,35,Jan-15,35,7,30
10,1,0,92,Jan-26,92,9.2,60
13,1,0,94,Jan-22,94,7.23,78
5,1,0,37,01-Oct,37,7.4,30
3,1,0,29,Jan-29,29,9.66,18
3,1,1,32,Jan-32,32,10.66,18
9,1,0,56,Jan-15,56,6.22,54
3,1,0,16,01-Jun,16,5.33,18
7,1,0,67,Jan-15,67,9.57,42
11,1,0,90,Jan-35,90,8.18,66
3,1,0,30,Jan-30,30,10,18
3,1,0,16,Jan-16,16,5.33,18
4,1,0,36,Jan-22,36,9,24
3,1,0,22,Jan-22,22,7.33,18
3,1,0,28,Jan-28,28,9.33,18
10,1,0,65,Jan-24,65,6.5,60
4,1,0,30,Jan-18,30,7.5,24
6,1,0,83,Jan-25,83,13.83,36
8,1,0,44,Jan-14,44,5.5,48
4,1,0,27,01-Oct,27,6.75,24
6,1,0,61,Jan-36,61,10.16,36
4,1,0,32,Jan-32,32,8,24
6,1,0,45,Jan-27,45,7.5,36
5,1,0,53,Jan-27,53,10.6,30
7,1,0,50,Jan-26,50,7.14,42
2,1,0,22,Jan-22,22,11,12
3,1,0,27,Jan-27,27,9,18
9,1,0,68,Jan-17,68,7.55,54
7,1,0,49,Jan-26,49,7,42
6.3,1,0,46,Jan-19,46,7.07,39
6,1,0,72,Jan-36,72,12,36
3,1,0,40,Jan-40,40,13.33,18
8,1,1,49,Jan-17,49,6.12,48
7.4,1,0,58,Jan-20,58,7.56,46
4,1,0,45,Jan-45,45,11.25,24
9,1,0,69,Jan-23,69,7.66,54
11,1,0,95,Jan-24,95,8.63,66
2,1,0,36,Jan-36,36,18,12
7,1,0,73,Jan-39,73,10.42,42
3,1,0,12,01-Dec,12,4,18
3,1,0,29,Jan-29,29,9.66,18
4,1,0,34,Jan-18,34,8.5,24
4,1,0,28,Jan-28,28,7,24
11.2,1,0,113,Jan-22,113,9.97,68
6,1,0,72,Jan-36,72,12,36
3,1,0,15,01-Apr,15,5,18
3,1,0,21,Jan-21,21,7,18
6,1,0,65,Jan-53,65,10.83,36
8,1,0,69,Jan-28,69,8.62,48
12.4,1,0,101,Jan-19,101,7.97,76
5.3,1,0,39,Jan-22,39,7.09,33
4,1,0,44,Jan-44,44,11,24
2,1,0,13,Jan-13,13,6.5,12
4,1,0,37,Jan-17,37,9.25,24
7,1,0,58,Jan-26,58,8.28,42
3,1,0,13,Jan-13,13,4.33,18
5,1,0,17,Jan-16,17,3.4,30
2.3,1,0,12,01-Dec,12,4.8,15
3,1,1,18,Jan-18,18,6,18
4,1,0,25,Jan-25,25,6.25,24
7,1,0,62,Jan-16,62,8.85,42
4,1,0,28,Jan-13,28,7,24
2.2,1,0,15,Jan-14,15,6.42,14
3,1,0,32,Jan-32,32,10.66,18
3.5,1,0,31,Jan-16,31,8.08,23
8,1,0,70,Jan-31,70,8.75,48
6,1,0,61,Jan-21,61,10.16,36
7,1,0,51,01-Nov,51,7.28,42
3.4,1,0,38,Jan-24,38,10.36,22
3,1,0,32,Jan-16,32,10.66,18
10,1,0,70,Jan-30,70,7,60
2,1,0,19,Jan-19,19,9.5,12
7,1,1,44,Jan-13,44,6.28,42
9,1,0,80,Jan-29,80,8.88,54
4,1,0,26,Jan-26,26,6.5,24
4.1,1,0,35,Jan-34,35,8.4,25
0.2,1,0,1,01-Jan,1,3,2
7,1,0,51,01-Aug,51,7.28,42
,,,,,,,
